{
	"providers": {
		"awscloudformation": {
			"AuthRoleName": "amplify-uberclone-dev-151717-authRole",
			"UnauthRoleArn": "arn:aws:iam::704219588443:role/amplify-uberclone-dev-151717-unauthRole",
			"AuthRoleArn": "arn:aws:iam::704219588443:role/amplify-uberclone-dev-151717-authRole",
			"Region": "eu-west-1",
			"DeploymentBucketName": "amplify-uberclone-dev-151717-deployment",
			"UnauthRoleName": "amplify-uberclone-dev-151717-unauthRole",
			"StackName": "amplify-uberclone-dev-151717",
			"StackId": "arn:aws:cloudformation:eu-west-1:704219588443:stack/amplify-uberclone-dev-151717/67cc5ef0-6d45-11eb-a0f5-0ad624c96ae7",
			"AmplifyAppId": "d3b6woyxblivhg"
		},
		"categories": {
			"function": {
				"uberclone140983fe140983fePostConfirmation": {}
			},
			"auth": {
				"uberclone140983fe140983fe": {}
			}
		}
	},
	"function": {
		"uberclone140983fe140983fePostConfirmation": {
			"build": true,
			"providerPlugin": "awscloudformation",
			"service": "Lambda",
			"output": {
				"Region": "eu-west-1",
				"Arn": "arn:aws:lambda:eu-west-1:704219588443:function:uberclone140983fe140983fePostConfirmation-dev",
				"Name": "uberclone140983fe140983fePostConfirmation-dev",
				"LambdaExecutionRole": "uberclone140983fe140983fePostConfirmation-dev"
			},
			"lastPushTimeStamp": "2021-03-05T17:43:53.758Z",
			"providerMetadata": {
				"s3TemplateURL": "https://s3.amazonaws.com/amplify-uberclone-dev-151717-deployment/amplify-cfn-templates/function/uberclone140983fe140983fePostConfirmation-cloudformation-template.json",
				"logicalId": "functionuberclone140983fe140983fePostConfirmation"
			}
		}
	},
	"auth": {
		"uberclone140983fe140983fe": {
			"service": "Cognito",
			"providerPlugin": "awscloudformation",
			"dependsOn": [
				{
					"category": "function",
					"resourceName": "uberclone140983fe140983fePostConfirmation",
					"triggerProvider": "Cognito",
					"attributes": [
						"Arn",
						"Name"
					]
				}
			],
			"output": {
				"AppClientSecret": "1tumvve4h6bs5073lb6eoo05ie3495bn4n7kttm787r5l0o7uat4",
				"UserPoolId": "eu-west-1_Q0ukyAmCD",
				"AppClientIDWeb": "54tqt471sm7603cpmi0koecv11",
				"AppClientID": "6pi6e2us6bqnfa6iale6ebj45f",
				"IdentityPoolId": "eu-west-1:49abc0d6-caec-4d80-b176-c0fb2dbef50b",
				"IdentityPoolName": "uberclone140983fe_identitypool_140983fe__dev",
				"UserPoolName": "uberclone140983fe_userpool_140983fe"
			},
			"lastPushTimeStamp": "2021-03-05T17:43:53.761Z",
			"providerMetadata": {
				"s3TemplateURL": "https://s3.amazonaws.com/amplify-uberclone-dev-151717-deployment/amplify-cfn-templates/auth/uberclone140983fe140983fe-cloudformation-template.yml",
				"logicalId": "authuberclone140983fe140983fe"
			}
		}
	},
	"api": {
		"uberclone": {
			"service": "AppSync",
			"providerPlugin": "awscloudformation",
			"output": {
				"authConfig": {
					"defaultAuthentication": {
						"authenticationType": "AMAZON_COGNITO_USER_POOLS",
						"userPoolConfig": {
							"userPoolId": "authuberclone140983fe140983fe"
						}
					},
					"additionalAuthenticationProviders": []
				},
				"GraphQLAPIIdOutput": "iqlgcumwvzawnegya5rlotrhzq",
				"GraphQLAPIEndpointOutput": "https://pagm5rr44fa5bdvx4y5duk7vjq.appsync-api.eu-west-1.amazonaws.com/graphql"
			},
			"lastPushTimeStamp": "2021-03-05T17:43:55.864Z",
			"providerMetadata": {
				"s3TemplateURL": "https://s3.amazonaws.com/amplify-uberclone-dev-151717-deployment/amplify-cfn-templates/api/cloudformation-template.json",
				"logicalId": "apiuberclone"
			},
			"lastPushDirHash": "w8WEH2zx6E4KUZlnBLlE2UvAWBA="
		}
	}
}